 ,WEIGHT,DISTANCE
Plate,9.8188,0.29600000000000004
Beginning,10.8394,0.467
Ending,8.4907,0.45
Porosity,1.1728574681113795
