 ,WEIGHT,DISTANCE
Plate,9.7102,0.314
Beginning,10.4151,0.45825
Ending,1,1
Porosity,1.0594412802533433
